game_pk,game_date,home_team,away_team,f1_home_scored,f1_away_scored,f1_nrfi,f1_home_runs,f1_away_runs,f5_home_runs,f5_away_runs,f5_total,f5_home_win,home_sp_id,away_sp_id,home_sp_k,away_sp_k,home_sp_ip,away_sp_ip,home_score_final,away_score_final,home_covers_rl,game_pk_bt,game,home_sp,away_sp,mc_rl,xgb_rl,blended_rl,model_total,vegas_total,home_score,away_score,actual_total,home_margin,signal,bet_win
822838,2026-03-28,TOR,ATH,0,0,1,0.0,0.0,1.0,0.0,1.0,1,605488,656302,2,12,5.4,5.8,8,7,0,822838,ATH @ TOR,DYLAN CEASE,JEFFREY SPRINGS,0.297,0.454,0.36,8.8,,8,7,15,1,AWAY +1.5 *,True
823082,2026-03-28,STL,TB,1,0,0,2.0,0.0,2.0,0.0,2.0,1,671212,700241,4,5,4.8,6.2,6,5,0,823082,TB @ STL,MICHAEL MCGREEVY,JOE BOYLE,0.278,0.559,0.39,9.9,,6,5,11,1,AWAY +1.5 *,True
823161,2026-03-28,SEA,CLE,0,0,1,0.0,0.0,2.0,0.0,2.0,1,676282,693433,5,9,5.9,5.4,5,6,0,823161,CLE @ SEA,BRYAN WOO,JOEY CANTILLO,0.357,0.54,0.43,7.8,,5,6,11,-1,,
823241,2026-03-28,SF,NYY,0,0,1,0.0,0.0,1.0,3.0,4.0,0,701542,641816,3,5,5.4,5.2,1,3,0,823241,NYY @ SF,TYLER MAHLE,WILL WARREN,0.339,0.429,0.375,9.5,,1,3,4,-2,AWAY +1.5 *,True
823323,2026-03-28,SD,DET,0,0,1,0.0,0.0,3.0,0.0,3.0,1,656427,681190,2,8,5.7,5.9,3,0,1,823323,DET @ SD,RANDY VASQUEZ,JACK FLAHERTY,0.327,0.577,0.427,10.6,,3,0,3,3,,
823488,2026-03-28,PHI,TEX,0,1,0,0.0,1.0,0.0,3.0,3.0,0,656641,605400,3,7,4.4,5.9,4,5,0,823488,TEX @ PHI,AARON NOLA,JACOB LATZ,0.229,0.43,0.309,9.7,,4,5,9,-1,AWAY +1.5 **,True
823651,2026-03-28,NYM,PIT,0,0,1,0.0,0.0,0.0,0.0,0.0,0,656605,656849,3,3,5.0,4.9,4,2,1,823651,PIT @ NYM,DAVID PETERSON,MITCH KELLER,0.238,0.445,0.321,9.6,,4,2,6,2,AWAY +1.5 **,False
823811,2026-03-28,MIL,CWS,1,0,0,3.0,0.0,4.0,1.0,5.0,1,680732,694477,5,4,5.9,4.8,6,1,1,823811,CWS @ MIL,CHAD PATRICK,SEAN BURKE,0.399,0.435,0.413,9.9,,6,1,7,5,,
823892,2026-03-28,MIA,COL,0,0,1,0.0,0.0,3.0,3.0,6.0,0,547179,691587,4,8,6.0,6.0,4,3,0,823892,COL @ MIA,EURY PEREZ,MICHAEL LORENZEN,0.342,0.568,0.432,11.2,,4,3,7,1,,
823973,2026-03-28,LAD,AZ,0,1,0,0.0,1.0,0.0,2.0,2.0,0,593958,607192,5,6,5.1,5.8,3,2,0,823973,AZ @ LAD,TYLER GLASNOW,EDUARDO RODRIGUEZ,0.339,0.513,0.408,8.7,,3,2,5,1,,
824213,2026-03-28,HOU,LAA,0,0,1,0.0,0.0,3.0,6.0,9.0,0,672282,664299,9,1,6.1,4.8,11,9,1,824213,LAA @ HOU,CRISTIAN JAVIER,REID DETMERS,0.199,0.404,0.281,10.1,,11,9,20,2,AWAY +1.5 **,False
824540,2026-03-28,CIN,BOS,1,0,0,2.0,0.0,5.0,3.0,8.0,1,543243,663903,5,5,5.2,4.8,6,5,0,824540,BOS @ CIN,BRADY SINGER,SONNY GRAY,0.22,0.418,0.299,10.4,,6,5,11,1,AWAY +1.5 **,True
824701,2026-03-28,CHC,WSH,0,0,1,0.0,0.0,6.0,2.0,8.0,1,571945,690990,4,4,6.3,4.8,10,2,1,824701,WSH @ CHC,CADE HORTON,MILES MIKOLAS,0.452,0.572,0.5,10.5,,10,2,12,8,,
824862,2026-03-28,BAL,MIN,0,0,1,0.0,0.0,1.0,3.0,4.0,0,671737,680694,9,4,5.9,5.4,1,4,0,824862,MIN @ BAL,KYLE BRADISH,TAJ BRADLEY,0.268,0.41,0.325,9.1,,1,4,5,-3,AWAY +1.5 **,True
824945,2026-03-28,ATL,KC,0,0,1,0.0,0.0,0.0,0.0,0.0,0,608379,625643,7,3,5.2,5.0,6,2,1,824945,KC @ ATL,REYNALDO LOPEZ,MICHAEL WACHA,0.38,0.52,0.436,9.4,,6,2,8,4,,
822837,2026-03-29,TOR,ATH,1,0,0,1.0,0.0,5.0,2.0,7.0,1,806960,641778,5,9,4.6,5.6,5,2,1,822837,ATH @ TOR,ERIC LAUER,LUIS MORALES,0.493,0.592,0.532,12.5,,5,2,7,3,,
823079,2026-03-29,STL,TB,0,0,1,0.0,0.0,4.0,6.0,10.0,0,571927,669160,2,3,5.2,3.9,7,11,0,823079,TB @ STL,DUSTIN MAY,STEVEN MATZ,0.347,0.567,0.435,11.1,,7,11,18,-4,,
823160,2026-03-29,SEA,CLE,0,0,1,0.0,0.0,6.0,0.0,6.0,1,677944,676106,5,9,6.0,6.3,8,0,1,823160,CLE @ SEA,EMERSON HANCOCK,SLADE CECCONI,0.289,0.563,0.398,9.0,,8,0,8,8,AWAY +1.5 *,False
823487,2026-03-29,PHI,TEX,0,0,1,0.0,0.0,0.0,5.0,5.0,0,669022,666200,7,7,5.8,6.4,3,8,0,823487,TEX @ PHI,JESUS LUZARDO,MACKENZIE GORE,0.287,0.531,0.385,8.9,,3,8,11,-5,AWAY +1.5 *,True
823647,2026-03-29,NYM,PIT,0,1,0,0.0,1.0,2.0,2.0,4.0,0,669387,690997,8,8,5.5,5.4,3,4,0,823647,PIT @ NYM,NOLAN MCLEAN,CARMEN MLODZINSKI,0.489,0.562,0.518,9.1,,3,4,7,-1,,
823810,2026-03-29,MIL,CWS,1,1,0,2.0,4.0,2.0,7.0,9.0,0,641743,687075,5,3,5.9,5.5,9,7,1,823810,CWS @ MIL,BRANDON SPROAT,ANTHONY KAY,0.316,0.488,0.385,12.8,,9,7,16,2,AWAY +1.5 *,False
823891,2026-03-29,MIA,COL,1,1,0,1.0,3.0,2.0,3.0,5.0,0,500779,676974,2,5,5.0,5.2,4,3,0,823891,COL @ MIA,MAX MEYER,JOSE QUINTANA,0.386,0.557,0.454,10.8,,4,3,7,1,,
824215,2026-03-29,HOU,LAA,0,0,1,0.0,0.0,6.0,6.0,12.0,0,686799,837227,3,4,6.1,4.8,9,7,1,824215,LAA @ HOU,TATSUYA IMAI,JACK KOCHANOWICZ,0.458,0.422,0.444,10.1,,9,7,16,2,,
824538,2026-03-29,CIN,BOS,0,0,1,0.0,0.0,0.0,2.0,2.0,0,813349,695076,6,5,6.2,5.5,3,2,0,824538,BOS @ CIN,RHETT LOWDER,CONNELLY EARLY,0.392,0.569,0.463,9.9,,3,2,5,1,,
824700,2026-03-29,CHC,WSH,0,1,0,0.0,3.0,2.0,3.0,5.0,0,663623,684007,7,7,6.0,5.3,3,6,0,824700,WSH @ CHC,SHOTA IMANAGA,JAKE IRVIN,0.417,0.592,0.487,10.2,,3,6,9,-3,,
824864,2026-03-29,BAL,MIN,0,0,1,0.0,0.0,3.0,4.0,7.0,0,641927,669358,1,4,3.6,5.0,8,6,1,824864,MIN @ BAL,SHANE BAZ,BAILEY OBER,0.351,0.581,0.443,9.6,,8,6,14,2,,
824944,2026-03-29,ATL,KC,0,0,1,0.0,0.0,0.0,3.0,3.0,0,607625,656550,3,4,5.0,4.9,1,4,0,824944,KC @ ATL,GRANT HOLMES,SETH LUGO,0.378,0.549,0.446,9.4,,1,4,5,-3,,
822834,2026-03-30,TOR,COL,0,0,1,0.0,0.0,1.0,2.0,3.0,0,608372,664074,4,3,4.7,3.0,5,14,0,822834,COL @ TOR,CODY PONCE,TOMOYUKI SUGANO,0.497,0.556,0.521,9.4,,5,14,19,-9,,
823080,2026-03-30,STL,NYM,1,1,0,1.0,1.0,1.0,2.0,3.0,0,605280,681517,5,1,5.8,5.1,2,4,0,823080,NYM @ STL,KYLE LEAHY,CLAY HOLMES,0.234,0.419,0.308,10.8,,2,4,6,-2,AWAY +1.5 **,True
823159,2026-03-30,SEA,NYY,0,0,1,0.0,0.0,1.0,0.0,1.0,1,677960,622491,7,7,5.0,6.1,2,1,0,823159,NYY @ SEA,LUIS CASTILLO,RYAN WEATHERS,0.406,0.586,0.478,9.7,,2,1,3,1,,
823320,2026-03-30,SD,SF,0,0,1,0.0,0.0,0.0,3.0,3.0,0,694738,621111,7,3,5.7,4.6,2,3,0,823320,SF @ SD,WALKER BUEHLER,LANDEN ROUPP,0.359,0.583,0.448,10.8,,2,3,5,-1,,
823484,2026-03-30,PHI,WSH,0,1,0,0.0,4.0,2.0,7.0,9.0,0,656492,592836,5,2,5.5,6.4,2,13,0,823484,WSH @ PHI,TAIJUAN WALKER,FOSTER GRIFFIN,0.36,0.418,0.383,11.2,,2,13,15,-11,AWAY +1.5 *,True
823809,2026-03-30,MIL,TB,0,1,0,0.0,1.0,0.0,1.0,1.0,0,607259,690986,3,8,5.7,5.6,2,3,0,823809,TB @ MIL,KYLE HARRISON,NICK MARTINEZ,0.287,0.532,0.385,9.6,,2,3,5,-1,AWAY +1.5 *,True
823890,2026-03-30,MIA,CWS,0,0,1,0.0,0.0,3.0,8.0,11.0,0,663436,663978,6,6,5.9,5.1,4,9,0,823890,CWS @ MIA,CHRIS PADDACK,DAVIS MARTIN,0.391,0.571,0.463,10.2,,4,9,13,-5,,
823972,2026-03-30,LAD,CLE,0,0,1,0.0,0.0,0.0,1.0,1.0,0,800048,808963,5,4,4.9,5.0,2,4,0,823972,CLE @ LAD,ROKI SASAKI,PARKER MESSICK,0.227,0.412,0.301,9.4,,2,4,6,-2,AWAY +1.5 **,True
824135,2026-03-30,KC,MIN,0,0,1,0.0,0.0,2.0,1.0,3.0,1,680573,663460,2,4,5.4,4.8,3,1,1,824135,MIN @ KC,KRIS BUBIC,SIMEON WOODS RICHARDSON,0.405,0.56,0.467,10.0,,3,1,4,2,,
824214,2026-03-30,HOU,BOS,1,0,0,1.0,0.0,4.0,0.0,4.0,1,624133,621121,3,9,4.9,6.2,8,1,1,824214,BOS @ HOU,LANCE MCCULLERS JR.,RANGER SUAREZ,0.26,0.535,0.37,10.3,,8,1,9,7,AWAY +1.5 *,False
824539,2026-03-30,CIN,PIT,0,0,1,0.0,0.0,2.0,0.0,2.0,1,677952,695505,3,7,5.6,5.0,2,0,1,824539,PIT @ CIN,CHASE BURNS,BRAXTON ASHCRAFT,0.2,0.492,0.317,8.9,,2,0,2,2,AWAY +1.5 **,False
824702,2026-03-30,CHC,LAA,1,0,0,3.0,0.0,6.0,0.0,6.0,1,696270,665795,2,5,5.2,5.2,7,2,1,824702,LAA @ CHC,EDWARD CABRERA,RYAN JOHNSON,0.372,0.514,0.429,9.4,,7,2,9,5,,
824863,2026-03-30,BAL,TEX,1,1,0,1.0,1.0,2.0,4.0,6.0,0,683004,605135,8,3,5.9,6.5,2,5,0,824863,TEX @ BAL,CHRIS BASSITT,JACK LEITER,0.238,0.393,0.3,9.9,,2,5,7,-3,AWAY +1.5 **,True
824943,2026-03-30,ATL,ATH,1,0,0,3.0,0.0,3.0,0.0,3.0,1,682052,693821,0,5,5.9,5.4,4,0,1,824943,ATH @ ATL,BRYCE ELDER,JACOB LOPEZ,0.393,0.556,0.458,9.9,,4,0,4,4,,
825108,2026-03-30,AZ,DET,1,0,0,2.0,0.0,8.0,0.0,8.0,1,434378,647336,1,10,5.2,5.7,9,6,1,825108,DET @ AZ,MICHAEL SOROKA,JUSTIN VERLANDER,0.315,0.562,0.414,11.9,,9,6,15,3,,
822836,2026-03-31,TOR,COL,0,0,1,0.0,0.0,2.0,0.0,2.0,1,663372,453286,4,4,3.0,5.4,5,1,1,822836,COL @ TOR,MAX SCHERZER,RYAN FELTNER,0.341,0.539,0.42,9.3,,5,1,6,4,,
823077,2026-03-31,STL,NYM,0,0,1,0.0,0.0,2.0,0.0,2.0,1,673540,669467,9,3,5.9,5.7,3,0,1,823077,NYM @ STL,ANDRE PALLANTE,KODAI SENGA,0.258,0.542,0.372,9.5,,3,0,3,3,AWAY +1.5 *,False
823158,2026-03-31,SEA,NYY,0,1,0,0.0,2.0,0.0,2.0,2.0,0,608331,669302,6,6,5.8,6.1,0,5,0,823158,NYY @ SEA,LOGAN GILBERT,MAX FRIED,0.299,0.449,0.359,8.4,,0,5,5,-5,AWAY +1.5 *,True
823322,2026-03-31,SD,SF,0,1,0,0.0,3.0,3.0,4.0,7.0,0,657277,608566,5,1,6.7,4.2,3,9,0,823322,SF @ SD,GERMAN MARQUEZ,LOGAN WEBB,0.298,0.449,0.359,9.8,,3,9,12,-6,AWAY +1.5 *,True
823485,2026-03-31,PHI,WSH,0,0,1,0.0,0.0,3.0,0.0,3.0,1,676571,691725,1,8,0.6,5.4,3,2,0,823485,WSH @ PHI,ANDREW PAINTER,PJ POULIN,0.403,0.529,0.453,9.1,,3,2,5,1,,
823807,2026-03-31,MIL,TB,0,1,0,0.0,1.0,3.0,2.0,5.0,1,663556,605540,4,6,5.1,4.3,6,2,1,823807,TB @ MIL,BRANDON WOODRUFF,SHANE MCCLANAHAN,0.382,0.441,0.406,9.0,,6,2,8,4,,
823888,2026-03-31,MIA,CWS,0,0,1,0.0,0.0,4.0,2.0,6.0,1,607200,676083,4,5,5.2,5.1,9,2,1,823888,CWS @ MIA,JANSON JUNK,ERICK FEDDE,0.323,0.572,0.422,10.6,,9,2,11,7,,
823969,2026-03-31,LAD,CLE,0,0,1,0.0,0.0,1.0,0.0,1.0,1,676440,660271,4,6,4.8,5.6,4,1,1,823969,CLE @ LAD,SHOHEI OHTANI,TANNER BIBEE,0.426,0.562,0.481,9.4,,4,1,5,3,,
824212,2026-03-31,HOU,BOS,1,0,0,1.0,0.0,6.0,1.0,7.0,1,678394,686613,2,8,5.9,5.0,9,2,1,824212,BOS @ HOU,HUNTER BROWN,BRAYAN BELLO,0.428,0.574,0.486,9.6,,9,2,11,7,,
824537,2026-03-31,CIN,PIT,0,0,1,0.0,0.0,1.0,6.0,7.0,0,696149,682227,6,3,5.2,6.1,3,8,0,824537,PIT @ CIN,BRANDON WILLIAMSON,BUBBA CHANDLER,0.296,0.562,0.402,12.3,,3,8,11,-5,,
824699,2026-03-31,CHC,LAA,0,0,1,0.0,0.0,0.0,0.0,0.0,0,667755,592791,4,3,5.8,5.7,0,2,0,824699,LAA @ CHC,JAMESON TAILLON,JOSE SORIANO,0.335,0.425,0.371,9.0,,0,2,2,-2,AWAY +1.5 *,True
824861,2026-03-31,BAL,TEX,0,0,1,0.0,0.0,3.0,3.0,6.0,0,594798,621107,7,7,5.1,4.8,5,8,0,824861,TEX @ BAL,ZACH EFLIN,JACOB DEGROM,0.246,0.566,0.374,8.5,,5,8,13,-3,AWAY +1.5 *,True
824942,2026-03-31,ATL,ATH,1,0,0,1.0,0.0,2.0,5.0,7.0,0,650644,660761,3,6,5.6,4.3,2,5,0,824942,ATH @ ATL,JOSE SUAREZ,AARON CIVALE,0.251,0.539,0.366,10.2,,2,5,7,-3,AWAY +1.5 *,True
825107,2026-03-31,AZ,DET,0,0,1,0.0,0.0,1.0,5.0,6.0,0,663554,694297,9,3,6.0,5.5,7,5,1,825107,DET @ AZ,BRANDON PFAADT,CASEY MIZE,0.334,0.578,0.431,10.4,,7,5,12,2,,
822835,2026-04-01,TOR,COL,0,0,1,0.0,0.0,1.0,0.0,1.0,1,607536,592332,6,10,5.7,5.7,1,2,0,822835,COL @ TOR,KEVIN GAUSMAN,KYLE FREELAND,0.411,0.539,0.462,9.2,,1,2,3,-1,,
823078,2026-04-01,STL,NYM,0,0,1,0.0,0.0,0.0,0.0,0.0,0,642547,669461,7,2,5.9,4.9,2,1,0,823078,NYM @ STL,MATTHEW LIBERATORE,FREDDY PERALTA,0.255,0.56,0.377,9.2,,2,1,3,1,AWAY +1.5 *,True
823157,2026-04-01,SEA,NYY,0,1,0,0.0,1.0,0.0,1.0,1.0,0,693645,669923,7,6,5.1,5.7,3,5,0,823157,NYY @ SEA,GEORGE KIRBY,CAM SCHLITTLER,0.182,0.41,0.273,8.0,,3,5,8,-2,AWAY +1.5 **,True
823321,2026-04-01,SD,SF,1,0,0,1.0,0.0,2.0,0.0,2.0,1,605288,601713,4,8,5.5,5.3,7,1,1,823321,SF @ SD,NICK PIVETTA,ADRIAN HOUSER,0.465,0.6,0.519,10.5,,7,1,8,6,,
823483,2026-04-01,PHI,WSH,1,0,0,1.0,0.0,1.0,1.0,2.0,0,676917,650911,3,7,5.4,6.3,6,5,0,823483,WSH @ PHI,CRISTOPHER SANCHEZ,CADE CAVALLI,0.301,0.41,0.345,10.1,,6,5,11,1,AWAY +1.5 *,True
823806,2026-04-01,MIL,TB,0,0,1,0.0,0.0,2.0,2.0,4.0,0,656876,694819,8,7,5.7,6.1,8,2,1,823806,TB @ MIL,JACOB MISIOROWSKI,DREW RASMUSSEN,0.348,0.527,0.42,9.1,,8,2,10,6,,
823889,2026-04-01,MIA,CWS,1,0,0,4.0,0.0,8.0,0.0,8.0,1,681343,645261,1,7,4.6,6.0,10,0,1,823889,CWS @ MIA,SANDY ALCANTARA,SHANE SMITH,0.387,0.581,0.464,9.6,,10,0,10,10,,
823970,2026-04-01,LAD,CLE,0,0,1,0.0,0.0,0.0,2.0,2.0,0,668909,808967,10,2,5.5,5.6,1,4,0,823970,CLE @ LAD,YOSHINOBU YAMAMOTO,GAVIN WILLIAMS,0.407,0.556,0.466,9.3,,1,4,5,-3,,
824136,2026-04-01,KC,MIN,0,0,1,0.0,0.0,5.0,1.0,6.0,1,657746,702070,3,5,5.0,5.5,13,9,1,824136,MIN @ KC,NOAH CAMERON,JOE RYAN,0.233,0.579,0.371,9.8,,13,9,22,4,AWAY +1.5 *,False
824211,2026-04-01,HOU,BOS,1,1,0,2.0,1.0,5.0,2.0,7.0,1,676979,681347,7,6,6.0,5.4,6,4,1,824211,BOS @ HOU,MIKE BURROWS,GARRETT CROCHET,0.269,0.527,0.372,10.0,,6,4,10,2,AWAY +1.5 *,False
824536,2026-04-01,CIN,PIT,0,1,0,0.0,3.0,1.0,3.0,4.0,0,694973,671096,5,5,5.0,5.7,3,8,0,824536,PIT @ CIN,ANDREW ABBOTT,PAUL SKENES,0.208,0.426,0.295,8.4,,3,8,11,-5,AWAY +1.5 **,True
824698,2026-04-01,CHC,LAA,0,0,1,0.0,0.0,5.0,0.0,5.0,1,579328,571510,5,10,5.9,6.3,6,2,1,824698,LAA @ CHC,MATTHEW BOYD,YUSEI KIKUCHI,0.297,0.517,0.385,10.6,,6,2,8,4,AWAY +1.5 *,False
824860,2026-04-01,BAL,TEX,0,0,1,0.0,0.0,7.0,2.0,9.0,1,543135,669432,5,3,5.7,5.9,8,3,1,824860,TEX @ BAL,TREVOR ROGERS,NATHAN EOVALDI,0.339,0.586,0.438,9.1,,8,3,11,5,,
824940,2026-04-01,ATL,ATH,0,0,1,0.0,0.0,5.0,1.0,6.0,1,622663,519242,7,3,5.9,5.1,5,1,1,824940,ATH @ ATL,CHRIS SALE,LUIS SEVERINO,0.326,0.578,0.427,10.0,,5,1,6,4,,
825106,2026-04-01,AZ,DET,1,0,0,1.0,0.0,1.0,0.0,1.0,1,669373,668678,3,2,5.6,5.7,1,0,0,825106,DET @ AZ,ZAC GALLEN,TARIK SKUBAL,0.263,0.406,0.32,9.6,,1,0,1,1,AWAY +1.5 **,True
823242,2026-04-02,SF,NYM,1,1,0,3.0,1.0,6.0,2.0,8.0,1,656849,592662,5,7,4.4,6.2,7,2,1,823242,NYM @ SF,ROBBIE RAY,DAVID PETERSON,0.395,0.574,0.467,9.9,,7,2,9,5,,
824133,2026-04-02,KC,MIN,0,0,1,0.0,0.0,0.0,1.0,1.0,0,671737,666142,3,8,6.5,5.7,1,5,0,824133,MIN @ KC,COLE RAGANS,TAJ BRADLEY,0.283,0.429,0.341,9.3,,1,5,6,-4,AWAY +1.5 *,True
825105,2026-04-02,AZ,ATL,0,1,0,0.0,1.0,1.0,10.0,11.0,0,625643,669194,3,3,5.2,5.2,2,17,0,825105,ATL @ AZ,RYNE NELSON,REYNALDO LOPEZ,0.259,0.539,0.371,10.1,,2,17,19,-15,AWAY +1.5 *,True
822758,2026-04-03,WSH,LAD,1,0,0,3.0,0.0,4.0,11.0,15.0,0,686218,571945,2,4,6.4,5.6,6,13,0,822758,LAD @ WSH,MILES MIKOLAS,EMMET SHEEHAN,0.343,0.437,0.38,11.6,,6,13,19,-7,AWAY +1.5 *,True
822919,2026-04-03,TEX,CIN,0,0,1,0.0,0.0,2.0,2.0,4.0,0,663903,669022,5,9,5.6,5.7,3,5,0,822919,CIN @ TEX,MACKENZIE GORE,BRADY SINGER,0.512,0.577,0.538,10.4,,3,5,8,-2,,
823240,2026-04-03,SF,NYM,0,1,0,0.0,2.0,0.0,5.0,5.0,0,690997,641816,4,4,6.0,5.9,3,10,0,823240,NYM @ SF,TYLER MAHLE,NOLAN MCLEAN,0.198,0.4,0.279,8.6,,3,10,13,-7,AWAY +1.5 **,True
823406,2026-04-03,PIT,BAL,0,0,1,0.0,0.0,5.0,2.0,7.0,1,680694,656605,6,4,5.2,5.7,5,4,0,823406,BAL @ PIT,MITCH KELLER,KYLE BRADISH,0.349,0.572,0.438,9.2,,5,4,9,1,,
823568,2026-04-03,NYY,MIA,1,1,0,2.0,1.0,4.0,2.0,6.0,1,691587,701542,4,6,5.5,5.0,8,2,1,823568,MIA @ NYY,WILL WARREN,EURY PEREZ,0.369,0.574,0.451,10.4,,8,2,10,6,,
823732,2026-04-03,MIN,TB,0,1,0,0.0,2.0,3.0,3.0,6.0,0,671212,641927,9,4,6.7,5.3,10,4,1,823732,TB @ MIN,BAILEY OBER,JOE BOYLE,0.346,0.433,0.38,10.1,,10,4,14,6,AWAY +1.5 *,False
824056,2026-04-03,LAA,SEA,0,0,1,0.0,0.0,0.0,0.0,0.0,0,693433,672282,6,4,5.6,6.8,1,3,0,824056,SEA @ LAA,REID DETMERS,BRYAN WOO,0.255,0.431,0.325,8.3,,1,3,4,-2,AWAY +1.5 **,True
824299,2026-04-03,DET,STL,0,0,1,0.0,0.0,3.0,0.0,3.0,1,700241,664285,4,5,4.8,5.9,4,0,1,824299,STL @ DET,FRAMBER VALDEZ,MICHAEL MCGREEVY,0.376,0.432,0.398,9.9,,4,0,4,4,AWAY +1.5 *,False
824377,2026-04-03,COL,PHI,0,1,0,0.0,7.0,1.0,10.0,11.0,0,605400,547179,9,2,6.1,5.0,1,10,0,824377,PHI @ COL,MICHAEL LORENZEN,AARON NOLA,0.277,0.432,0.339,12.9,,1,10,11,-9,AWAY +1.5 **,True
824458,2026-04-03,CLE,CHC,0,0,1,0.0,0.0,1.0,1.0,2.0,0,690990,676282,0,6,1.1,5.3,4,1,1,824458,CHC @ CLE,JOEY CANTILLO,CADE HORTON,0.341,0.437,0.38,8.9,,4,1,5,3,AWAY +1.5 *,False
824621,2026-04-03,CWS,TOR,1,0,0,1.0,0.0,3.0,1.0,4.0,1,656302,691799,6,1,6.0,0.6,5,4,0,824621,TOR @ CWS,GRANT TAYLOR,DYLAN CEASE,0.293,0.522,0.385,9.1,,5,4,9,1,AWAY +1.5 *,True
824786,2026-04-03,BOS,SD,0,0,1,0.0,0.0,2.0,2.0,4.0,0,650633,543243,5,3,5.2,5.6,5,2,1,824786,SD @ BOS,SONNY GRAY,MICHAEL KING,0.331,0.558,0.422,9.4,,5,2,7,3,,
825026,2026-04-03,ATH,HOU,0,0,1,0.0,0.0,11.0,1.0,12.0,1,664299,605488,2,7,5.3,6.6,11,4,1,825026,HOU @ ATH,JEFFREY SPRINGS,CRISTIAN JAVIER,0.456,0.6,0.514,10.0,,11,4,15,7,,
825103,2026-04-03,AZ,ATL,0,0,1,0.0,0.0,0.0,0.0,0.0,0,656550,593958,4,3,5.5,5.9,0,2,0,825103,ATL @ AZ,EDUARDO RODRIGUEZ,GRANT HOLMES,0.37,0.559,0.445,8.9,,0,2,2,-2,,
822757,2026-04-04,WSH,LAD,0,1,0,0.0,2.0,2.0,9.0,11.0,0,607192,663623,9,4,6.5,5.5,5,10,0,822757,LAD @ WSH,JAKE IRVIN,TYLER GLASNOW,0.243,0.431,0.318,9.4,,5,10,15,-5,AWAY +1.5 **,True
822920,2026-04-04,TEX,CIN,0,1,0,0.0,2.0,0.0,2.0,2.0,0,695076,677958,4,3,5.3,5.2,0,2,0,822920,CIN @ TEX,KUMAR ROCKER,RHETT LOWDER,0.308,0.45,0.365,10.4,,0,2,2,-2,AWAY +1.5 *,True
823239,2026-04-04,SF,NYM,0,0,1,0.0,0.0,0.0,8.0,8.0,0,605280,694738,4,7,5.8,6.1,0,9,0,823239,NYM @ SF,LANDEN ROUPP,CLAY HOLMES,0.285,0.415,0.337,10.0,,0,9,9,-9,AWAY +1.5 **,True
823404,2026-04-04,PIT,BAL,0,0,1,0.0,0.0,1.0,2.0,3.0,0,669358,669387,5,5,6.3,5.4,3,2,0,823404,BAL @ PIT,CARMEN MLODZINSKI,SHANE BAZ,0.251,0.548,0.37,10.0,,3,2,5,1,AWAY +1.5 *,True
823569,2026-04-04,NYY,MIA,0,1,0,0.0,2.0,2.0,4.0,6.0,0,676974,677960,6,4,5.7,5.7,9,7,1,823569,MIA @ NYY,RYAN WEATHERS,MAX MEYER,0.308,0.551,0.405,10.6,,9,7,16,2,,
823730,2026-04-04,MIN,TB,0,0,1,0.0,0.0,1.0,6.0,7.0,0,571927,690953,8,3,6.3,5.4,1,7,0,823730,TB @ MIN,MICK ABEL,STEVEN MATZ,0.232,0.557,0.362,11.9,,1,7,8,-6,AWAY +1.5 *,True
824054,2026-04-04,LAA,SEA,1,0,0,1.0,0.0,1.0,0.0,1.0,1,676106,686799,5,7,5.3,5.5,1,0,0,824054,SEA @ LAA,JACK KOCHANOWICZ,EMERSON HANCOCK,0.216,0.532,0.342,9.4,,1,0,1,1,AWAY +1.5 *,True
824132,2026-04-04,KC,MIL,0,1,0,0.0,2.0,0.0,5.0,5.0,0,694477,679883,3,4,5.5,4.7,2,5,0,824132,MIL @ KC,LUINDER AVILA,CHAD PATRICK,0.182,0.44,0.285,11.8,,2,5,7,-3,AWAY +1.5 **,True
824132,2026-04-04,KC,MIL,0,1,0,0.0,2.0,0.0,5.0,5.0,0,694477,679883,3,4,5.5,4.7,2,5,0,824134,MIL @ KC,SETH LUGO,LOGAN HENDERSON,0.198,0.515,0.325,9.5,,8,2,10,6,AWAY +1.5 **,False
824134,2026-04-04,KC,MIL,0,0,1,0.0,0.0,2.0,2.0,4.0,0,701656,607625,3,7,2.3,6.6,8,2,1,824132,MIL @ KC,LUINDER AVILA,CHAD PATRICK,0.182,0.44,0.285,11.8,,2,5,7,-3,AWAY +1.5 **,True
824134,2026-04-04,KC,MIL,0,0,1,0.0,0.0,2.0,2.0,4.0,0,701656,607625,3,7,2.3,6.6,8,2,1,824134,MIL @ KC,SETH LUGO,LOGAN HENDERSON,0.198,0.515,0.325,9.5,,8,2,10,6,AWAY +1.5 **,False
824295,2026-04-04,DET,STL,1,0,0,3.0,0.0,8.0,6.0,14.0,1,669160,656427,4,6,5.1,5.5,11,6,1,824295,STL @ DET,JACK FLAHERTY,DUSTIN MAY,0.284,0.574,0.4,11.2,,11,6,17,5,AWAY +1.5 *,False
824378,2026-04-04,COL,PHI,0,1,0,0.0,1.0,1.0,2.0,3.0,0,666200,657514,11,0,6.4,1.4,1,2,0,824378,PHI @ COL,BRENNAN BERNARDINO,JESUS LUZARDO,0.321,0.524,0.402,11.0,,1,2,3,-1,,
824622,2026-04-04,CWS,TOR,1,0,0,1.0,0.0,1.0,0.0,1.0,1,689254,691799,0,1,1.5,0.6,6,3,1,824622,TOR @ CWS,GRANT TAYLOR,MASON FLUHARTY,0.348,0.53,0.421,10.0,,6,3,9,3,,
824782,2026-04-04,BOS,SD,0,0,1,0.0,0.0,1.0,2.0,3.0,0,681190,813349,3,4,5.4,5.7,2,3,0,824782,SD @ BOS,CONNELLY EARLY,RANDY VASQUEZ,0.316,0.556,0.412,9.9,,2,3,5,-1,,
825027,2026-04-04,ATH,HOU,0,1,0,0.0,2.0,0.0,7.0,7.0,0,837227,806960,9,0,6.1,5.0,0,11,0,825027,HOU @ ATH,LUIS MORALES,TATSUYA IMAI,0.144,0.416,0.253,11.2,,0,11,11,-11,AWAY +1.5 **,True
825104,2026-04-04,AZ,ATL,0,0,1,0.0,0.0,2.0,1.0,3.0,1,693821,647336,8,3,5.7,5.9,2,1,0,825104,ATL @ AZ,MICHAEL SOROKA,BRYCE ELDER,0.218,0.423,0.3,10.3,,2,1,3,1,AWAY +1.5 **,True
822756,2026-04-05,WSH,LAD,0,0,1,0.0,0.0,6.0,1.0,7.0,1,808963,656492,5,6,5.8,6.2,6,8,0,822756,LAD @ WSH,FOSTER GRIFFIN,ROKI SASAKI,0.296,0.574,0.407,11.2,,6,8,14,-2,,
822917,2026-04-05,TEX,CIN,0,0,1,0.0,0.0,0.0,1.0,1.0,0,695505,683004,9,9,5.6,5.5,1,2,0,822917,CIN @ TEX,JACK LEITER,CHASE BURNS,0.399,0.549,0.459,9.6,,1,2,3,-1,,
823238,2026-04-05,SF,NYM,0,0,1,0.0,0.0,0.0,1.0,1.0,0,673540,657277,7,3,5.7,5.9,2,5,0,823238,NYM @ SF,LOGAN WEBB,KODAI SENGA,0.298,0.531,0.391,9.3,,2,5,7,-3,AWAY +1.5 *,True
823405,2026-04-05,PIT,BAL,1,0,0,2.0,0.0,6.0,1.0,7.0,1,605135,677952,0,8,4.0,5.6,8,2,1,823405,BAL @ PIT,BRAXTON ASHCRAFT,CHRIS BASSITT,0.527,0.589,0.552,10.2,,8,2,10,6,HOME -1.5 *,True
823566,2026-04-05,NYY,MIA,1,1,0,3.0,1.0,4.0,2.0,6.0,1,664126,608331,1,4,1.8,6.6,6,7,0,823566,MIA @ NYY,MAX FRIED,PETE FAIRBANKS,0.406,0.525,0.454,9.1,,6,7,13,-1,,
823729,2026-04-05,MIN,TB,0,0,1,0.0,0.0,1.0,1.0,2.0,0,607259,680573,4,4,5.2,5.7,1,4,0,823729,TB @ MIN,SIMEON WOODS RICHARDSON,NICK MARTINEZ,0.253,0.561,0.376,10.5,,1,4,5,-3,AWAY +1.5 *,True
824053,2026-04-05,LAA,SEA,1,0,0,1.0,0.0,6.0,5.0,11.0,1,622491,691946,4,4,5.4,4.7,8,7,0,824053,SEA @ LAA,GEORGE KLASSEN,LUIS CASTILLO,0.128,0.419,0.245,10.6,,8,7,15,1,AWAY +1.5 **,True
824131,2026-04-05,KC,MIL,0,1,0,0.0,3.0,2.0,4.0,6.0,0,690986,663460,6,8,5.8,6.2,5,8,0,824131,MIL @ KC,KRIS BUBIC,KYLE HARRISON,0.342,0.542,0.422,9.0,,5,8,13,-3,,
824296,2026-04-05,DET,STL,0,0,1,0.0,0.0,2.0,4.0,6.0,0,681517,672456,4,3,6.3,4.1,3,5,0,824296,STL @ DET,KEIDER MONTERO,KYLE LEAHY,0.439,0.579,0.495,11.0,,3,5,8,-2,,
824379,2026-04-05,COL,PHI,1,0,0,3.0,0.0,4.0,1.0,5.0,1,592836,608372,4,5,5.6,5.0,4,1,1,824379,PHI @ COL,TOMOYUKI SUGANO,TAIJUAN WALKER,0.348,0.58,0.441,12.8,,4,1,5,3,,
824459,2026-04-05,CLE,CHC,0,0,1,0.0,0.0,0.0,0.0,0.0,0,665795,677944,4,6,6.3,5.5,0,1,0,824459,CHC @ CLE,SLADE CECCONI,EDWARD CABRERA,0.309,0.554,0.407,8.8,,0,1,1,-1,,
824459,2026-04-05,CLE,CHC,0,0,1,0.0,0.0,0.0,0.0,0.0,0,665795,677944,4,6,6.3,5.5,0,1,0,824460,CHC @ CLE,PARKER MESSICK,SHOTA IMANAGA,0.326,0.562,0.421,9.0,,6,5,11,1,,
824460,2026-04-05,CLE,CHC,0,0,1,0.0,0.0,0.0,1.0,1.0,0,684007,800048,4,6,5.9,5.9,6,5,0,824459,CHC @ CLE,SLADE CECCONI,EDWARD CABRERA,0.309,0.554,0.407,8.8,,0,1,1,-1,,
824460,2026-04-05,CLE,CHC,0,0,1,0.0,0.0,0.0,1.0,1.0,0,684007,800048,4,6,5.9,5.9,6,5,0,824460,CHC @ CLE,PARKER MESSICK,SHOTA IMANAGA,0.326,0.562,0.421,9.0,,6,5,11,1,,
824620,2026-04-05,CWS,TOR,1,0,0,1.0,0.0,3.0,0.0,3.0,1,641778,663436,0,6,3.2,5.5,3,0,1,824620,TOR @ CWS,DAVIS MARTIN,ERIC LAUER,0.316,0.578,0.421,10.5,,3,0,3,3,,
824781,2026-04-05,BOS,SD,0,0,1,0.0,0.0,4.0,6.0,10.0,0,621111,624133,4,2,3.9,5.0,6,8,0,824781,SD @ BOS,RANGER SUAREZ,WALKER BUEHLER,0.321,0.535,0.407,10.4,,6,8,14,-2,,
825025,2026-04-05,ATH,HOU,0,0,1,0.0,0.0,5.0,3.0,8.0,1,621121,682052,4,6,5.1,5.9,12,10,1,825025,HOU @ ATH,JACOB LOPEZ,LANCE MCCULLERS JR.,0.308,0.575,0.415,10.7,,12,10,22,2,,
825102,2026-04-05,AZ,ATL,1,1,0,1.0,1.0,3.0,3.0,6.0,0,527048,694297,1,2,4.8,5.1,6,5,0,825102,ATL @ AZ,BRANDON PFAADT,MARTIN PEREZ,0.372,0.572,0.452,11.0,,6,5,11,1,,
822755,2026-04-06,WSH,STL,1,0,0,2.0,0.0,2.0,1.0,3.0,1,669467,641793,2,6,5.7,4.5,9,6,1,822755,STL @ WSH,ZACK LITTELL,ANDRE PALLANTE,0.327,0.416,0.363,10.3,,9,6,15,3,AWAY +1.5 *,False
822832,2026-04-06,TOR,LAD,1,1,0,1.0,2.0,1.0,6.0,7.0,0,680736,453286,2,2,5.0,2.3,2,14,0,822832,LAD @ TOR,MAX SCHERZER,JUSTIN WROBLESKI,0.428,0.506,0.459,9.9,,2,14,16,-12,,
822918,2026-04-06,TEX,SEA,1,1,0,1.0,1.0,1.0,1.0,2.0,0,669302,594798,5,6,6.2,5.0,2,1,0,822918,SEA @ TEX,JACOB DEGROM,LOGAN GILBERT,0.317,0.563,0.416,8.9,,2,1,3,1,,
823002,2026-04-06,TB,CHC,0,0,1,0.0,0.0,4.0,2.0,6.0,1,592791,663556,4,5,5.4,4.5,6,4,1,823002,CHC @ TB,SHANE MCCLANAHAN,JAMESON TAILLON,0.322,0.552,0.414,9.0,,6,4,10,2,,
823237,2026-04-06,SF,PHI,0,0,1,0.0,0.0,4.0,2.0,6.0,1,691725,605288,1,3,5.8,5.7,4,6,0,823237,PHI @ SF,ADRIAN HOUSER,ANDREW PAINTER,0.187,0.557,0.335,10.0,,4,6,10,-2,AWAY +1.5 **,True
823401,2026-04-06,PIT,SD,0,0,1,0.0,0.0,0.0,3.0,3.0,0,608566,696149,4,4,5.9,5.4,0,5,0,823401,SD @ PIT,BUBBA CHANDLER,GERMAN MARQUEZ,0.265,0.54,0.375,11.0,,0,5,5,-5,AWAY +1.5 *,True
823728,2026-04-06,MIN,DET,0,0,1,0.0,0.0,5.0,3.0,8.0,1,663554,657746,4,7,5.8,6.5,7,3,1,823728,DET @ MIN,JOE RYAN,CASEY MIZE,0.376,0.58,0.457,9.9,,7,3,10,4,,
823886,2026-04-06,MIA,CIN,0,0,1,0.0,0.0,0.0,1.0,1.0,0,682227,676083,4,3,6.0,5.6,0,2,0,823886,CIN @ MIA,JANSON JUNK,BRANDON WILLIAMSON,0.462,0.563,0.502,11.6,,0,2,2,-2,,
824052,2026-04-06,LAA,ATL,1,1,0,1.0,1.0,6.0,1.0,7.0,1,519242,667755,7,10,5.0,6.3,6,2,1,824052,ATL @ LAA,JOSE SORIANO,CHRIS SALE,0.324,0.521,0.403,9.0,,6,2,8,4,,
824376,2026-04-06,COL,HOU,0,1,0,0.0,2.0,8.0,3.0,11.0,1,675989,663372,5,1,4.1,4.5,9,7,1,824376,HOU @ COL,RYAN FELTNER,CODY BOLTON,0.377,0.573,0.455,12.0,,9,7,16,2,,
824456,2026-04-06,CLE,KC,0,0,1,0.0,0.0,1.0,1.0,2.0,0,608379,676440,3,3,6.6,5.6,2,4,0,824456,KC @ CLE,TANNER BIBEE,MICHAEL WACHA,0.325,0.437,0.37,10.2,,2,4,6,-2,AWAY +1.5 *,True
824619,2026-04-06,CWS,BAL,0,0,1,0.0,0.0,0.0,1.0,1.0,0,687064,691799,2,1,4.3,1.0,1,2,0,824619,BAL @ CWS,GRANT TAYLOR,BRANDON YOUNG,0.381,0.505,0.431,9.4,,1,2,3,-1,,
824783,2026-04-06,BOS,MIL,1,0,0,1.0,0.0,5.0,5.0,10.0,0,605540,678394,4,5,6.1,5.5,6,8,0,824783,MIL @ BOS,BRAYAN BELLO,BRANDON WOODRUFF,0.199,0.427,0.29,9.5,,6,8,14,-2,AWAY +1.5 **,True
822754,2026-04-07,WSH,STL,1,1,0,1.0,2.0,4.0,2.0,6.0,1,669461,676917,6,3,5.9,6.1,6,7,0,822754,STL @ WSH,CADE CAVALLI,MATTHEW LIBERATORE,0.322,0.528,0.405,9.2,,6,7,13,-1,,
822831,2026-04-07,TOR,LAD,0,0,1,0.0,0.0,0.0,3.0,3.0,0,808967,592332,6,5,6.3,5.4,1,4,0,822831,LAD @ TOR,KEVIN GAUSMAN,YOSHINOBU YAMAMOTO,0.351,0.55,0.43,8.6,,1,4,5,-3,,
822916,2026-04-07,TEX,SEA,0,1,0,0.0,1.0,3.0,2.0,5.0,1,669923,543135,4,7,5.9,6.0,3,2,0,822916,SEA @ TEX,NATHAN EOVALDI,GEORGE KIRBY,0.295,0.434,0.351,9.6,,3,2,5,1,AWAY +1.5 *,True
822999,2026-04-07,TB,CHC,0,0,1,0.0,0.0,0.0,4.0,4.0,0,665871,669438,3,2,5.2,4.2,2,9,0,822999,CHC @ TB,MASON ENGLERT,JAVIER ASSAD,0.274,0.447,0.344,9.5,,2,9,11,-7,AWAY +1.5 *,True
823235,2026-04-07,SF,PHI,1,0,0,1.0,0.0,3.0,0.0,3.0,1,650911,592662,6,7,5.9,7.0,6,0,1,823235,PHI @ SF,ROBBIE RAY,CRISTOPHER SANCHEZ,0.36,0.56,0.44,9.6,,6,0,6,6,,
823402,2026-04-07,PIT,SD,0,0,1,0.0,0.0,2.0,0.0,2.0,1,601713,694973,8,6,5.5,5.6,7,1,1,823402,SD @ PIT,PAUL SKENES,NICK PIVETTA,0.393,0.573,0.465,8.9,,7,1,8,6,,
823567,2026-04-07,NYY,ATH,0,0,1,0.0,0.0,1.0,3.0,4.0,0,650644,693645,6,7,5.7,5.4,5,3,1,823567,ATH @ NYY,CAM SCHLITTLER,AARON CIVALE,0.473,0.544,0.501,8.4,,5,3,8,2,,
823648,2026-04-07,NYM,AZ,1,0,0,1.0,0.0,2.0,3.0,5.0,0,668678,642547,5,5,6.1,6.5,4,3,0,823648,AZ @ NYM,FREDDY PERALTA,ZAC GALLEN,0.372,0.564,0.449,9.5,,4,3,7,1,,
823727,2026-04-07,MIN,DET,0,0,1,0.0,0.0,4.0,0.0,4.0,1,669373,671737,7,10,6.2,6.7,4,2,1,823727,DET @ MIN,TAJ BRADLEY,TARIK SKUBAL,0.312,0.537,0.402,8.6,,4,2,6,2,,
823887,2026-04-07,MIA,CIN,0,0,1,0.0,0.0,2.0,0.0,2.0,1,671096,645261,2,6,5.9,6.1,3,6,0,823887,CIN @ MIA,SANDY ALCANTARA,ANDREW ABBOTT,0.345,0.53,0.419,8.6,,3,6,9,-3,,
824051,2026-04-07,LAA,ATL,1,0,0,2.0,0.0,2.0,4.0,6.0,0,625643,579328,7,8,5.2,6.3,2,7,0,824051,ATL @ LAA,YUSEI KIKUCHI,REYNALDO LOPEZ,0.312,0.521,0.396,9.9,,2,7,9,-5,AWAY +1.5 *,True
824375,2026-04-07,COL,HOU,0,0,1,0.0,0.0,3.0,1.0,4.0,1,681347,607536,3,5,5.6,5.2,5,1,1,824375,HOU @ COL,KYLE FREELAND,MIKE BURROWS,0.356,0.586,0.448,12.1,,5,1,6,4,,
824457,2026-04-07,CLE,KC,0,0,1,0.0,0.0,1.0,1.0,2.0,0,702070,668909,5,8,6.3,6.6,2,1,0,824457,KC @ CLE,GAVIN WILLIAMS,NOAH CAMERON,0.333,0.55,0.42,10.0,,2,1,3,1,,
824618,2026-04-07,CWS,BAL,0,0,1,0.0,0.0,2.0,1.0,3.0,1,669432,681343,6,8,6.5,6.4,2,4,0,824618,BAL @ CWS,SHANE SMITH,TREVOR ROGERS,0.257,0.421,0.323,9.4,,2,4,6,-2,AWAY +1.5 **,True
824780,2026-04-07,BOS,MIL,0,0,1,0.0,0.0,0.0,0.0,0.0,0,694819,676979,10,7,6.5,6.9,3,2,0,824780,MIL @ BOS,GARRETT CROCHET,JACOB MISIOROWSKI,0.308,0.494,0.382,8.9,,3,2,5,1,AWAY +1.5 *,True
822753,2026-04-08,WSH,STL,0,0,1,0.0,0.0,1.0,3.0,4.0,0,700241,571945,1,3,5.9,3.5,1,6,0,822753,STL @ WSH,MILES MIKOLAS,MICHAEL MCGREEVY,0.324,0.429,0.366,10.4,,1,6,7,-5,AWAY +1.5 *,True
822833,2026-04-08,TOR,LAD,0,0,1,0.0,0.0,1.0,1.0,2.0,0,660271,656302,2,8,6.2,6.2,4,3,0,822833,LAD @ TOR,DYLAN CEASE,SHOHEI OHTANI,0.272,0.505,0.365,8.4,,4,3,7,1,AWAY +1.5 *,True
822915,2026-04-08,TEX,SEA,0,0,1,0.0,0.0,3.0,0.0,3.0,1,693433,669022,2,9,5.4,5.3,3,0,1,822915,SEA @ TEX,MACKENZIE GORE,BRYAN WOO,0.25,0.526,0.36,8.4,,3,0,3,3,AWAY +1.5 *,False
823000,2026-04-08,TB,CHC,0,1,0,0.0,1.0,1.0,6.0,7.0,0,607067,671212,2,3,5.1,5.4,2,6,0,823000,CHC @ TB,JOE BOYLE,COLIN REA,0.303,0.547,0.4,9.6,,2,6,8,-4,,
823234,2026-04-08,SF,PHI,0,0,1,0.0,0.0,0.0,0.0,0.0,0,605400,641816,3,6,5.4,6.1,5,0,1,823234,PHI @ SF,TYLER MAHLE,AARON NOLA,0.344,0.567,0.433,10.0,,5,0,5,5,,
823403,2026-04-08,PIT,SD,0,0,1,0.0,0.0,0.0,0.0,0.0,0,650633,656605,4,4,6.1,4.8,2,8,0,823403,SD @ PIT,MITCH KELLER,MICHAEL KING,0.341,0.555,0.426,9.1,,2,8,10,-6,,
823564,2026-04-08,NYY,ATH,1,0,0,2.0,0.0,2.0,2.0,4.0,0,622663,701542,7,5,6.5,5.5,2,3,0,823564,ATH @ NYY,WILL WARREN,LUIS SEVERINO,0.29,0.57,0.402,10.1,,2,3,5,-1,,
823646,2026-04-08,NYM,AZ,0,1,0,0.0,1.0,0.0,5.0,5.0,0,669194,656849,5,6,5.5,5.5,2,7,0,823646,AZ @ NYM,DAVID PETERSON,RYNE NELSON,0.329,0.538,0.412,10.7,,2,7,9,-5,,
823726,2026-04-08,MIN,DET,1,0,0,6.0,0.0,7.0,0.0,7.0,1,664285,641927,2,2,5.6,6.4,8,6,1,823726,DET @ MIN,BAILEY OBER,FRAMBER VALDEZ,0.368,0.58,0.453,10.9,,8,6,14,2,,
823885,2026-04-08,MIA,CIN,1,1,0,2.0,2.0,6.0,4.0,10.0,1,663903,691587,3,6,4.7,6.1,7,4,1,823885,CIN @ MIA,EURY PEREZ,BRADY SINGER,0.383,0.58,0.462,11.3,,7,4,11,3,,
824050,2026-04-08,LAA,ATL,0,1,0,0.0,1.0,2.0,7.0,9.0,0,656550,672282,6,4,6.4,5.9,2,8,0,824050,ATL @ LAA,REID DETMERS,GRANT HOLMES,0.38,0.452,0.409,9.0,,2,8,10,-6,,
824374,2026-04-08,COL,HOU,1,0,0,1.0,0.0,7.0,1.0,8.0,1,664299,547179,1,4,1.3,6.5,9,1,1,824374,HOU @ COL,MICHAEL LORENZEN,CRISTIAN JAVIER,0.342,0.595,0.443,13.9,,9,1,10,8,,
824455,2026-04-08,CLE,KC,1,0,0,3.0,0.0,5.0,2.0,7.0,1,666142,676282,2,9,1.2,5.7,10,2,1,824455,KC @ CLE,JOEY CANTILLO,COLE RAGANS,0.351,0.551,0.431,9.2,,10,2,12,8,,
824617,2026-04-08,CWS,BAL,0,0,1,0.0,0.0,3.0,2.0,5.0,1,680694,680732,7,3,6.2,5.9,3,5,0,824617,BAL @ CWS,SEAN BURKE,KYLE BRADISH,0.273,0.552,0.385,10.2,,3,5,8,-2,AWAY +1.5 *,True
824779,2026-04-08,BOS,MIL,0,0,1,0.0,0.0,3.0,0.0,3.0,1,675660,543243,2,2,4.1,5.8,5,0,1,824779,MIL @ BOS,SONNY GRAY,SHANE DROHAN,0.444,0.562,0.491,10.1,,5,0,5,5,,
823319,2026-04-09,SD,COL,0,0,1,0.0,0.0,1.0,1.0,2.0,0,623474,681190,0,8,0.6,5.9,7,3,1,823319,COL @ SD,RANDY VASQUEZ,JIMMY HERGET,0.268,0.529,0.372,9.8,,7,3,10,4,AWAY +1.5 *,False
823565,2026-04-09,NYY,ATH,0,0,1,0.0,0.0,0.0,0.0,0.0,0,605488,677960,6,7,6.0,6.5,0,1,0,823565,ATH @ NYY,RYAN WEATHERS,JEFFREY SPRINGS,0.238,0.43,0.315,9.2,,0,1,1,-1,AWAY +1.5 **,True
823645,2026-04-09,NYM,AZ,1,0,0,1.0,0.0,1.0,0.0,1.0,1,593958,690997,3,8,6.6,6.5,1,7,0,823645,AZ @ NYM,NOLAN MCLEAN,EDUARDO RODRIGUEZ,0.398,0.534,0.452,8.2,,1,7,8,-6,,
823724,2026-04-09,MIN,DET,0,0,1,0.0,0.0,1.0,0.0,1.0,1,656427,690953,6,6,5.7,6.6,3,1,1,823724,DET @ MIN,MICK ABEL,JACK FLAHERTY,0.274,0.573,0.393,12.1,,3,1,4,2,AWAY +1.5 *,False
823884,2026-04-09,MIA,CIN,1,0,0,1.0,0.0,4.0,1.0,5.0,1,695076,676974,2,4,6.2,5.6,8,1,1,823884,CIN @ MIA,MAX MEYER,RHETT LOWDER,0.319,0.488,0.386,10.2,,8,1,9,7,AWAY +1.5 *,False
824130,2026-04-09,KC,CWS,0,0,1,0.0,0.0,0.0,1.0,1.0,0,641743,607625,6,4,6.5,5.9,0,2,0,824130,CWS @ KC,SETH LUGO,ANTHONY KAY,0.438,0.577,0.494,11.1,,0,2,2,-2,,
822829,2026-04-10,TOR,MIN,0,1,0,0.0,3.0,6.0,4.0,10.0,1,680573,571578,2,3,4.4,5.5,10,4,1,822829,MIN @ TOR,PATRICK CORBIN,SIMEON WOODS RICHARDSON,0.342,0.451,0.386,10.9,,10,4,14,6,AWAY +1.5 *,False
822997,2026-04-10,TB,NYY,1,1,0,2.0,2.0,3.0,2.0,5.0,1,661563,571927,2,7,5.7,5.7,5,3,1,822997,NYY @ TB,STEVEN MATZ,LUIS GIL,0.232,0.421,0.308,9.4,,5,3,8,2,AWAY +1.5 **,False
823076,2026-04-10,STL,BOS,0,0,1,0.0,0.0,3.0,2.0,5.0,1,813349,669160,5,4,5.5,4.8,3,2,0,823076,BOS @ STL,DUSTIN MAY,CONNELLY EARLY,0.387,0.445,0.41,10.6,,3,2,5,1,,
823156,2026-04-10,SEA,HOU,1,0,0,3.0,0.0,5.0,3.0,8.0,1,837227,676106,0,5,2.4,5.7,9,6,1,823156,HOU @ SEA,EMERSON HANCOCK,TATSUYA IMAI,0.301,0.557,0.404,9.0,,9,6,15,3,,
823318,2026-04-10,SD,COL,0,0,1,0.0,0.0,2.0,0.0,2.0,1,608372,621111,3,4,5.2,4.4,5,2,1,823318,COL @ SD,WALKER BUEHLER,TOMOYUKI SUGANO,0.388,0.441,0.409,10.3,,5,2,7,3,,
823482,2026-04-10,PHI,AZ,1,0,0,4.0,0.0,4.0,5.0,9.0,0,647336,666200,10,8,6.0,5.5,4,5,0,823482,AZ @ PHI,JESUS LUZARDO,MICHAEL SOROKA,0.474,0.549,0.504,9.8,,4,5,9,-1,,
823643,2026-04-10,NYM,ATH,0,0,1,0.0,0.0,0.0,1.0,1.0,0,669372,605280,4,3,4.4,5.2,0,4,0,823643,ATH @ NYM,CLAY HOLMES,J.T. GINN,0.292,0.436,0.35,8.7,,0,4,4,-4,AWAY +1.5 *,True
823808,2026-04-10,MIL,WSH,1,1,0,3.0,2.0,3.0,2.0,5.0,1,663623,676879,5,4,6.5,2.8,3,7,0,823808,WSH @ MIL,AARON ASHBY,JAKE IRVIN,0.308,0.536,0.4,11.2,,3,7,10,-4,AWAY +1.5 *,True
823968,2026-04-10,LAD,TEX,0,0,1,0.0,0.0,3.0,4.0,7.0,0,677958,607192,5,7,5.4,6.5,8,7,0,823968,TEX @ LAD,TYLER GLASNOW,KUMAR ROCKER,0.437,0.567,0.489,9.9,,8,7,15,1,,
824128,2026-04-10,KC,CWS,0,0,1,0.0,0.0,1.0,0.0,1.0,1,663436,663460,3,11,5.3,5.7,2,0,1,824128,CWS @ KC,KRIS BUBIC,DAVIS MARTIN,0.44,0.56,0.488,9.9,,2,0,2,2,,
824297,2026-04-10,DET,MIA,0,0,1,0.0,0.0,2.0,0.0,2.0,1,663978,672456,4,7,6.2,5.2,2,0,1,824297,MIA @ DET,KEIDER MONTERO,CHRIS PADDACK,0.332,0.555,0.421,9.9,,2,0,2,2,,
824534,2026-04-10,CIN,LAA,0,0,1,0.0,0.0,1.0,4.0,5.0,0,686799,695505,2,2,6.1,5.9,2,10,0,824534,LAA @ CIN,CHASE BURNS,JACK KOCHANOWICZ,0.4,0.452,0.421,10.4,,2,10,12,-8,,
824695,2026-04-10,CHC,PIT,0,0,1,0.0,0.0,0.0,0.0,0.0,0,669387,684007,2,9,5.2,6.5,0,2,0,824695,PIT @ CHC,SHOTA IMANAGA,CARMEN MLODZINSKI,0.409,0.572,0.474,9.9,,0,2,2,-2,,
824858,2026-04-10,BAL,SF,0,0,1,0.0,0.0,1.0,3.0,4.0,0,694738,669358,4,4,6.0,6.4,3,6,0,824858,SF @ BAL,SHANE BAZ,LANDEN ROUPP,0.4,0.567,0.467,9.8,,3,6,9,-3,,
824941,2026-04-10,ATL,CLE,0,0,1,0.0,0.0,1.0,2.0,3.0,0,677944,693821,3,3,5.5,4.9,11,5,1,824941,CLE @ ATL,BRYCE ELDER,SLADE CECCONI,0.292,0.564,0.401,9.4,,11,5,16,6,,
822830,2026-04-11,TOR,MIN,1,0,0,2.0,0.0,2.0,7.0,9.0,0,657746,641778,5,3,5.9,6.1,4,7,0,822830,MIN @ TOR,ERIC LAUER,JOE RYAN,0.224,0.276,0.245,9.1,,4,7,11,-3,AWAY +1.5 **,True
822996,2026-04-11,TB,NYY,0,0,1,0.0,0.0,1.0,1.0,2.0,0,608331,607259,6,4,6.1,5.6,5,4,0,822996,NYY @ TB,NICK MARTINEZ,MAX FRIED,0.26,0.216,0.242,8.7,,5,4,9,1,AWAY +1.5 **,True
823074,2026-04-11,STL,BOS,0,0,1,0.0,0.0,0.0,2.0,2.0,0,624133,681517,6,2,5.4,4.6,1,7,0,823074,BOS @ STL,KYLE LEAHY,RANGER SUAREZ,0.208,0.225,0.215,9.8,,1,7,8,-6,AWAY +1.5 **,True
823155,2026-04-11,SEA,HOU,1,0,0,2.0,0.0,7.0,7.0,14.0,0,621121,622491,4,3,5.1,5.9,8,7,0,823155,HOU @ SEA,LUIS CASTILLO,LANCE MCCULLERS JR.,0.375,0.276,0.335,8.7,,8,7,15,1,AWAY +1.5 **,True
823316,2026-04-11,SD,COL,0,1,0,0.0,2.0,6.0,4.0,10.0,1,663372,608566,4,5,5.3,5.5,9,5,1,823316,COL @ SD,GERMAN MARQUEZ,RYAN FELTNER,0.306,0.219,0.271,9.2,,9,5,14,4,AWAY +1.5 **,False
823480,2026-04-11,PHI,AZ,0,1,0,0.0,2.0,4.0,2.0,6.0,1,694297,592836,6,6,6.5,5.5,4,3,0,823480,AZ @ PHI,TAIJUAN WALKER,BRANDON PFAADT,0.247,0.247,0.247,9.6,,4,3,7,1,AWAY +1.5 **,True
823644,2026-04-11,NYM,ATH,1,0,0,1.0,0.0,3.0,7.0,10.0,0,682052,673540,5,3,6.2,4.6,6,11,0,823644,ATH @ NYM,KODAI SENGA,JACOB LOPEZ,0.385,0.31,0.355,9.6,,6,11,17,-5,AWAY +1.5 *,True
823805,2026-04-11,MIL,WSH,0,0,1,0.0,0.0,0.0,2.0,2.0,0,656492,690986,1,1,5.2,4.9,1,3,0,823805,WSH @ MIL,KYLE HARRISON,FOSTER GRIFFIN,0.436,0.299,0.381,9.8,,1,3,4,-2,AWAY +1.5 *,True
823967,2026-04-11,LAD,TEX,1,1,0,4.0,1.0,5.0,1.0,6.0,1,683004,686218,4,6,6.0,5.0,6,3,1,823967,TEX @ LAD,EMMET SHEEHAN,JACK LEITER,0.238,0.181,0.215,9.6,,6,3,9,3,AWAY +1.5 **,False
824129,2026-04-11,KC,CWS,1,0,0,1.0,0.0,1.0,0.0,1.0,1,607200,608379,4,7,5.5,5.7,2,0,1,824129,CWS @ KC,MICHAEL WACHA,ERICK FEDDE,0.333,0.259,0.304,9.2,,2,0,2,2,AWAY +1.5 **,False
824294,2026-04-11,DET,MIA,1,0,0,2.0,0.0,5.0,1.0,6.0,1,676083,663554,4,5,6.4,4.8,6,1,1,824294,MIA @ DET,CASEY MIZE,JANSON JUNK,0.344,0.286,0.321,9.7,,6,1,7,5,AWAY +1.5 **,False
824535,2026-04-11,CIN,LAA,1,0,0,4.0,0.0,5.0,3.0,8.0,1,691946,682227,2,3,4.6,6.0,7,3,1,824535,LAA @ CIN,BRANDON WILLIAMSON,GEORGE KLASSEN,0.366,0.281,0.332,12.1,,7,3,10,4,AWAY +1.5 **,False
824697,2026-04-11,CHC,PIT,0,0,1,0.0,0.0,1.0,3.0,4.0,0,677952,665795,9,4,5.0,6.3,3,4,0,824697,PIT @ CHC,EDWARD CABRERA,BRAXTON ASHCRAFT,0.246,0.251,0.248,8.4,,3,4,7,-1,AWAY +1.5 **,True
824857,2026-04-11,BAL,SF,0,0,1,0.0,0.0,4.0,2.0,6.0,1,657277,605135,6,2,6.3,5.7,6,2,1,824857,SF @ BAL,CHRIS BASSITT,LOGAN WEBB,0.271,0.192,0.239,10.0,,6,2,8,4,AWAY +1.5 **,False
824939,2026-04-11,ATL,CLE,0,1,0,0.0,1.0,0.0,1.0,1.0,0,800048,527048,5,2,5.4,5.5,0,6,0,824939,CLE @ ATL,MARTIN PEREZ,PARKER MESSICK,0.245,0.211,0.232,9.4,,0,6,6,-6,AWAY +1.5 **,True
822828,2026-04-12,TOR,MIN,1,0,0,1.0,0.0,1.0,8.0,9.0,0,671737,453286,7,3,6.8,4.4,2,8,0,822828,MIN @ TOR,MAX SCHERZER,TAJ BRADLEY,0.251,0.246,0.249,8.8,8.0,2,8,10,-6,AWAY +1.5 **,True
822998,2026-04-12,TB,NYY,1,0,0,1.0,0.0,3.0,0.0,3.0,1,693645,656876,8,7,5.5,4.9,5,4,0,822998,NYY @ TB,DREW RASMUSSEN,CAM SCHLITTLER,0.189,0.28,0.226,7.5,7.5,5,4,9,1,AWAY +1.5 **,True
823075,2026-04-12,STL,BOS,0,1,0,0.0,2.0,1.0,7.0,8.0,0,678394,669467,2,2,6.1,6.1,3,9,0,823075,BOS @ STL,ANDRE PALLANTE,BRAYAN BELLO,0.296,0.255,0.28,9.0,8.5,3,9,12,-6,AWAY +1.5 **,True
823154,2026-04-12,SEA,HOU,1,0,0,1.0,0.0,4.0,1.0,5.0,1,675989,669302,1,7,2.7,5.5,6,1,1,823154,HOU @ SEA,LOGAN GILBERT,CODY BOLTON,0.442,0.375,0.415,8.8,8.5,6,1,7,5,,
823317,2026-04-12,SD,COL,1,0,0,1.0,0.0,4.0,2.0,6.0,1,623474,601713,0,4,1.5,3.0,7,2,1,823317,COL @ SD,NICK PIVETTA,JIMMY HERGET,0.366,0.278,0.331,8.5,12.5,7,2,9,5,AWAY +1.5 **,False
823479,2026-04-12,PHI,AZ,0,0,1,0.0,0.0,0.0,1.0,1.0,0,668678,647315,2,1,5.4,2.4,3,4,0,823479,AZ @ PHI,ZACH POP,ZAC GALLEN,0.307,0.239,0.28,10.2,,3,4,7,-1,AWAY +1.5 **,True
823642,2026-04-12,NYM,ATH,0,0,1,0.0,0.0,0.0,1.0,1.0,0,650644,642547,3,6,4.8,6.5,0,1,0,823642,ATH @ NYM,FREDDY PERALTA,AARON CIVALE,0.344,0.242,0.303,9.3,,0,1,1,-1,AWAY +1.5 **,True
823804,2026-04-12,MIL,WSH,0,0,1,0.0,0.0,3.0,2.0,5.0,1,641793,605540,3,6,4.6,4.8,6,8,0,823804,WSH @ MIL,BRANDON WOODRUFF,ZACK LITTELL,0.448,0.285,0.383,9.2,8.0,6,8,14,-2,AWAY +1.5 *,True
823966,2026-04-12,LAD,TEX,1,0,0,1.0,0.0,1.0,2.0,3.0,0,594798,808963,9,6,6.2,6.1,2,5,0,823966,TEX @ LAD,ROKI SASAKI,JACOB DEGROM,0.193,0.239,0.211,8.8,10.5,2,5,7,-3,AWAY +1.5 **,True
824126,2026-04-12,KC,CWS,0,0,1,0.0,0.0,5.0,4.0,9.0,1,691799,702070,2,4,1.7,4.3,5,6,0,824126,CWS @ KC,NOAH CAMERON,GRANT TAYLOR,0.295,0.259,0.28,8.9,9.5,5,6,11,-1,AWAY +1.5 **,True
824293,2026-04-12,DET,MIA,1,0,0,3.0,0.0,4.0,0.0,4.0,1,645261,669373,4,7,6.5,6.2,8,2,1,824293,MIA @ DET,TARIK SKUBAL,SANDY ALCANTARA,0.333,0.285,0.314,8.7,6.5,8,2,10,6,AWAY +1.5 **,False
824533,2026-04-12,CIN,LAA,0,1,0,0.0,3.0,0.0,7.0,7.0,0,667755,671096,10,1,6.8,4.6,6,9,0,824533,LAA @ CIN,ANDREW ABBOTT,JOSE SORIANO,0.346,0.235,0.302,9.6,8.0,6,9,15,-3,AWAY +1.5 **,True
824696,2026-04-12,CHC,PIT,0,1,0,0.0,1.0,3.0,6.0,9.0,0,696149,592791,4,10,5.9,6.6,7,6,0,824696,PIT @ CHC,JAMESON TAILLON,BUBBA CHANDLER,0.44,0.351,0.405,10.0,,7,6,13,1,,
824859,2026-04-12,BAL,SF,1,0,0,2.0,0.0,4.0,1.0,5.0,1,605288,700249,3,5,5.7,6.3,6,2,1,824859,SF @ BAL,CADE POVICH,ADRIAN HOUSER,0.323,0.249,0.294,10.9,8.0,6,2,8,4,AWAY +1.5 **,False
824938,2026-04-12,ATL,CLE,0,0,1,0.0,0.0,9.0,0.0,9.0,1,676440,519242,4,6,6.0,6.3,13,1,1,824938,CLE @ ATL,CHRIS SALE,TANNER BIBEE,0.366,0.262,0.324,9.4,8.0,13,1,14,12,AWAY +1.5 **,False
823073,2026-04-13,STL,CLE,1,1,0,1.0,1.0,1.0,4.0,5.0,0,668909,669461,4,2,6.0,6.8,3,9,0,823073,CLE @ STL,MATTHEW LIBERATORE,GAVIN WILLIAMS,0.357,0.223,0.304,9.6,,3,9,12,-6,AWAY +1.5 **,True
823153,2026-04-13,SEA,HOU,1,0,0,3.0,0.0,6.0,2.0,8.0,1,681347,669923,3,6,6.3,6.4,6,2,1,823153,HOU @ SEA,GEORGE KIRBY,MIKE BURROWS,0.391,0.292,0.352,8.8,,6,2,8,4,AWAY +1.5 *,False
823400,2026-04-13,PIT,WSH,0,1,0,0.0,1.0,5.0,1.0,6.0,1,676917,694973,2,6,3.1,5.7,16,5,1,823400,WSH @ PIT,PAUL SKENES,CADE CAVALLI,0.45,0.234,0.364,8.9,,16,5,21,11,AWAY +1.5 *,False
823481,2026-04-13,PHI,CHC,1,0,0,1.0,0.0,9.0,2.0,11.0,1,665871,650911,3,8,5.3,6.2,13,7,1,823481,CHC @ PHI,CRISTOPHER SANCHEZ,JAVIER ASSAD,0.237,0.234,0.236,9.6,,13,7,20,6,AWAY +1.5 **,False
823563,2026-04-13,NYY,LAA,1,0,0,2.0,0.0,7.0,4.0,11.0,1,579328,701542,3,6,5.3,5.7,11,10,0,823563,LAA @ NYY,WILL WARREN,YUSEI KIKUCHI,0.294,0.284,0.29,9.5,,11,10,21,1,AWAY +1.5 **,True
823725,2026-04-13,MIN,BOS,1,0,0,4.0,0.0,13.0,3.0,16.0,1,676979,641927,0,7,3.5,6.1,13,6,1,823725,BOS @ MIN,BAILEY OBER,GARRETT CROCHET,0.295,0.239,0.273,8.9,,13,6,19,7,AWAY +1.5 **,False
823964,2026-04-13,LAD,NYM,1,0,0,1.0,0.0,4.0,0.0,4.0,1,656849,680736,7,2,5.7,5.9,4,0,1,823964,NYM @ LAD,JUSTIN WROBLESKI,DAVID PETERSON,0.3,0.215,0.266,9.7,,4,0,4,4,AWAY +1.5 **,False
824856,2026-04-13,BAL,AZ,0,1,0,0.0,1.0,1.0,4.0,5.0,0,669194,665152,7,9,5.9,5.2,9,7,1,824856,AZ @ BAL,DEAN KREMER,RYNE NELSON,0.356,0.237,0.308,9.5,,9,7,16,2,AWAY +1.5 **,False
824937,2026-04-13,ATL,MIA,0,0,1,0.0,0.0,4.0,6.0,10.0,0,691587,656550,2,3,4.9,3.8,4,10,0,824937,MIA @ ATL,GRANT HOLMES,EURY PEREZ,0.405,0.318,0.37,9.0,,4,10,14,-6,AWAY +1.5 *,True
825024,2026-04-13,ATH,TEX,0,1,0,0.0,3.0,0.0,4.0,4.0,0,543135,622663,7,7,5.4,6.1,1,8,0,825024,TEX @ ATH,LUIS SEVERINO,NATHAN EOVALDI,0.316,0.269,0.297,8.4,,1,8,9,-7,AWAY +1.5 **,True
823072,2026-04-14,STL,CLE,1,1,0,1.0,1.0,2.0,2.0,4.0,0,676282,700241,4,2,5.3,5.6,6,5,0,823072,CLE @ STL,MICHAEL MCGREEVY,JOEY CANTILLO,0.223,0.208,0.217,9.7,9.0,6,5,11,1,AWAY +1.5 **,True
823315,2026-04-14,SD,SEA,0,0,1,0.0,0.0,3.0,1.0,4.0,1,693433,650633,3,5,5.9,5.5,4,1,1,823315,SEA @ SD,MICHAEL KING,BRYAN WOO,0.221,0.261,0.237,8.3,,4,1,5,3,AWAY +1.5 **,False
823398,2026-04-14,PIT,WSH,1,1,0,1.0,3.0,4.0,5.0,9.0,0,676571,656605,1,3,1.6,5.8,4,5,0,823398,WSH @ PIT,MITCH KELLER,PJ POULIN,0.348,0.253,0.31,8.7,9.5,4,5,9,-1,AWAY +1.5 **,True
823478,2026-04-14,PHI,CHC,0,0,1,0.0,0.0,3.0,3.0,6.0,0,702303,605400,1,5,0.4,5.6,4,10,0,823478,CHC @ PHI,AARON NOLA,RILEY MARTIN,0.321,0.264,0.298,9.3,9.5,4,10,14,-6,AWAY +1.5 **,True
823562,2026-04-14,NYY,LAA,0,1,0,0.0,3.0,0.0,4.0,4.0,0,672282,677960,9,10,6.4,6.1,1,7,0,823562,LAA @ NYY,RYAN WEATHERS,REID DETMERS,0.218,0.244,0.229,9.8,9.0,1,7,8,-6,AWAY +1.5 **,True
823723,2026-04-14,MIN,BOS,1,0,0,1.0,0.0,5.0,0.0,5.0,1,543243,690953,1,10,6.0,5.8,6,0,1,823723,BOS @ MIN,MICK ABEL,SONNY GRAY,0.208,0.22,0.213,9.6,8.0,6,0,6,6,AWAY +1.5 **,False
823802,2026-04-14,MIL,TOR,0,0,1,0.0,0.0,3.0,1.0,4.0,1,592332,694819,5,5,6.3,4.9,7,9,0,823802,TOR @ MIL,JACOB MISIOROWSKI,KEVIN GAUSMAN,0.317,0.319,0.318,8.1,7.0,7,9,16,-2,AWAY +1.5 **,True
823965,2026-04-14,LAD,NYM,1,1,0,1.0,1.0,1.0,1.0,2.0,0,690997,808967,8,7,6.1,6.7,2,1,0,823965,NYM @ LAD,YOSHINOBU YAMAMOTO,NOLAN MCLEAN,0.216,0.267,0.236,7.9,,2,1,3,1,AWAY +1.5 **,True
824210,2026-04-14,HOU,COL,0,1,0,0.0,1.0,7.0,5.0,12.0,1,547179,676467,3,5,4.6,4.4,7,6,0,824210,COL @ HOU,COLTON GORDON,MICHAEL LORENZEN,0.375,0.23,0.317,10.2,,7,6,13,1,AWAY +1.5 **,True
824292,2026-04-14,DET,KC,0,0,1,0.0,0.0,0.0,1.0,1.0,0,666142,664285,1,1,6.0,5.6,2,1,0,824292,KC @ DET,FRAMBER VALDEZ,COLE RAGANS,0.283,0.271,0.278,9.3,8.0,2,1,3,1,AWAY +1.5 **,True
824531,2026-04-14,CIN,SF,0,0,1,0.0,0.0,2.0,1.0,3.0,1,592662,663903,6,1,6.1,4.8,2,1,0,824531,SF @ CIN,BRADY SINGER,ROBBIE RAY,0.222,0.238,0.229,10.8,9.5,2,1,3,1,AWAY +1.5 **,True
824616,2026-04-14,CWS,TB,0,1,0,0.0,3.0,3.0,4.0,7.0,0,663556,702273,4,4,5.4,5.3,5,8,0,824616,TB @ CWS,NOAH SCHULTZ,SHANE MCCLANAHAN,0.315,0.334,0.322,9.1,8.0,5,8,13,-3,AWAY +1.5 **,True
824853,2026-04-14,BAL,AZ,0,0,1,0.0,0.0,2.0,4.0,6.0,0,518876,669432,3,6,5.5,6.4,3,4,0,824853,AZ @ BAL,TREVOR ROGERS,MERRILL KELLY,0.384,0.326,0.361,9.7,,3,4,7,-1,AWAY +1.5 *,True
824935,2026-04-14,ATL,MIA,0,1,0,0.0,1.0,3.0,4.0,7.0,0,676974,625643,5,6,5.3,6.2,6,5,0,824935,MIA @ ATL,REYNALDO LOPEZ,MAX MEYER,0.38,0.258,0.331,9.0,8.5,6,5,11,1,AWAY +1.5 **,True
825022,2026-04-14,ATH,TEX,0,1,0,0.0,1.0,2.0,1.0,3.0,1,669022,605488,5,5,6.1,5.8,2,1,0,825022,TEX @ ATH,JEFFREY SPRINGS,MACKENZIE GORE,0.324,0.192,0.271,8.4,,2,1,3,1,AWAY +1.5 **,True
823071,2026-04-15,STL,CLE,0,1,0,0.0,1.0,1.0,1.0,2.0,0,677944,669160,4,4,5.6,5.9,5,3,1,823071,CLE @ STL,DUSTIN MAY,SLADE CECCONI,0.268,0.319,0.288,9.2,8.5,5,3,8,2,AWAY +1.5 **,False
823314,2026-04-15,SD,SEA,0,0,1,0.0,0.0,0.0,6.0,6.0,0,676106,681190,6,6,6.3,5.5,7,6,0,823314,SEA @ SD,RANDY VASQUEZ,EMERSON HANCOCK,0.244,0.255,0.248,9.3,,7,6,13,1,AWAY +1.5 **,True
823399,2026-04-15,PIT,WSH,1,0,0,2.0,0.0,2.0,0.0,2.0,1,663623,682254,5,1,5.5,0.7,2,0,1,823399,WSH @ PIT,MASON MONTGOMERY,JAKE IRVIN,0.226,0.236,0.23,10.2,9.0,2,0,2,2,AWAY +1.5 **,False
823477,2026-04-15,PHI,CHC,1,0,0,1.0,0.0,1.0,5.0,6.0,0,684007,666200,11,4,6.3,6.3,2,11,0,823477,CHC @ PHI,JESUS LUZARDO,SHOTA IMANAGA,0.31,0.353,0.328,8.5,8.5,2,11,13,-9,AWAY +1.5 **,True
823561,2026-04-15,NYY,LAA,1,0,0,1.0,0.0,3.0,4.0,7.0,0,686799,661563,6,5,6.3,5.4,5,4,0,823561,LAA @ NYY,LUIS GIL,JACK KOCHANOWICZ,0.461,0.249,0.377,9.9,10.5,5,4,9,1,AWAY +1.5 *,True
823722,2026-04-15,MIN,BOS,1,0,0,1.0,0.0,1.0,7.0,8.0,0,813349,680573,5,3,5.5,5.9,5,9,0,823722,BOS @ MIN,SIMEON WOODS RICHARDSON,CONNELLY EARLY,0.363,0.202,0.299,9.9,8.0,5,9,14,-4,AWAY +1.5 **,True
823803,2026-04-15,MIL,TOR,0,1,0,0.0,1.0,0.0,1.0,1.0,0,656302,694477,6,2,6.8,5.2,2,1,0,823803,TOR @ MIL,CHAD PATRICK,DYLAN CEASE,0.295,0.197,0.256,8.9,7.5,2,1,3,1,AWAY +1.5 **,True
823963,2026-04-15,LAD,NYM,0,0,1,0.0,0.0,2.0,1.0,3.0,1,605280,660271,4,10,5.7,6.1,8,2,1,823963,NYM @ LAD,SHOHEI OHTANI,CLAY HOLMES,0.395,0.339,0.373,8.8,,8,2,10,6,AWAY +1.5 *,False
824209,2026-04-15,HOU,COL,1,0,0,2.0,0.0,3.0,1.0,4.0,1,500779,681293,1,10,4.9,6.5,3,1,1,824209,COL @ HOU,SPENCER ARRIGHETTI,JOSE QUINTANA,0.37,0.237,0.317,10.6,,3,1,4,2,AWAY +1.5 **,False
824291,2026-04-15,DET,KC,0,0,1,0.0,0.0,1.0,1.0,2.0,0,607625,656427,7,7,5.9,6.3,2,1,0,824291,KC @ DET,JACK FLAHERTY,SETH LUGO,0.315,0.234,0.282,10.2,8.0,2,1,3,1,AWAY +1.5 **,True
824532,2026-04-15,CIN,SF,1,0,0,4.0,0.0,8.0,2.0,10.0,1,641816,695076,6,4,5.7,5.8,8,3,1,824532,SF @ CIN,RHETT LOWDER,TYLER MAHLE,0.306,0.245,0.282,10.2,9.0,8,3,11,5,AWAY +1.5 **,False
824615,2026-04-15,CWS,TB,0,0,1,0.0,0.0,0.0,3.0,3.0,0,642121,680732,1,2,2.3,5.9,3,8,0,824615,TB @ CWS,SEAN BURKE,COLE SULSER,0.358,0.321,0.343,10.0,8.0,3,8,11,-5,AWAY +1.5 *,True
824855,2026-04-15,BAL,AZ,0,0,1,0.0,0.0,4.0,3.0,7.0,1,593958,680694,3,4,6.3,6.3,5,8,0,824855,AZ @ BAL,KYLE BRADISH,EDUARDO RODRIGUEZ,0.281,0.274,0.278,9.4,9.0,5,8,13,-3,AWAY +1.5 **,True
824936,2026-04-15,ATL,MIA,0,0,1,0.0,0.0,2.0,0.0,2.0,1,663978,693821,4,7,5.9,5.1,6,3,1,824936,MIA @ ATL,BRYCE ELDER,CHRIS PADDACK,0.355,0.208,0.296,9.3,9.0,6,3,9,3,AWAY +1.5 **,False
825021,2026-04-15,ATH,TEX,1,0,0,1.0,0.0,2.0,2.0,4.0,0,677958,669372,6,3,6.3,5.0,6,5,0,825021,TEX @ ATH,J.T. GINN,KUMAR ROCKER,0.392,0.293,0.353,9.0,,6,5,11,1,AWAY +1.5 *,True
823313,2026-04-16,SD,SEA,0,0,1,0.0,0.0,4.0,0.0,4.0,1,622491,621111,3,7,6.3,5.7,5,2,1,823313,SEA @ SD,WALKER BUEHLER,LUIS CASTILLO,0.357,0.364,0.36,8.6,,5,2,7,3,AWAY +1.5 *,False
823396,2026-04-16,PIT,WSH,0,0,1,0.0,0.0,4.0,4.0,8.0,0,656492,677952,7,7,5.7,5.8,7,8,0,823396,WSH @ PIT,BRAXTON ASHCRAFT,FOSTER GRIFFIN,0.473,0.424,0.453,8.5,,7,8,15,-1,,
823560,2026-04-16,NYY,LAA,1,1,0,1.0,2.0,3.0,2.0,5.0,1,608718,608331,2,3,3.2,6.0,4,11,0,823560,LAA @ NYY,MAX FRIED,BRENT SUTER,0.417,0.379,0.402,8.1,,4,11,15,-7,,
823801,2026-04-16,MIL,TOR,0,0,1,0.0,0.0,1.0,1.0,2.0,0,571578,687075,6,6,5.1,4.8,2,1,0,823801,TOR @ MIL,BRANDON SPROAT,PATRICK CORBIN,0.291,0.388,0.33,9.7,,2,1,3,1,AWAY +1.5 **,True
824208,2026-04-16,HOU,COL,1,0,0,2.0,0.0,2.0,3.0,5.0,0,675848,680802,2,3,1.9,4.9,2,3,0,824208,COL @ HOU,RYAN WEISS,JUAN MEJIA,0.309,0.386,0.34,8.8,,2,3,5,-1,AWAY +1.5 **,True
824289,2026-04-16,DET,KC,0,0,1,0.0,0.0,6.0,1.0,7.0,1,663460,672456,3,5,5.3,5.4,10,9,0,824289,KC @ DET,KEIDER MONTERO,KRIS BUBIC,0.315,0.374,0.339,8.8,,10,9,19,1,AWAY +1.5 **,True
824453,2026-04-16,CLE,BAL,1,0,0,2.0,0.0,3.0,0.0,3.0,1,669358,800048,6,9,6.4,7.2,4,2,1,824453,BAL @ CLE,PARKER MESSICK,SHANE BAZ,0.343,0.396,0.365,8.2,7.5,4,2,6,2,AWAY +1.5 *,False
824530,2026-04-16,CIN,SF,0,0,1,0.0,0.0,0.0,0.0,0.0,0,694738,695505,6,4,5.6,5.6,0,3,0,824530,SF @ CIN,CHASE BURNS,LANDEN ROUPP,0.355,0.381,0.366,9.2,,0,3,3,-3,AWAY +1.5 *,True
824614,2026-04-16,CWS,TB,0,0,1,0.0,0.0,1.0,1.0,2.0,0,571927,673929,4,0,4.8,1.4,3,5,0,824614,TB @ CWS,JORDAN LEASURE,STEVEN MATZ,0.367,0.372,0.369,8.6,,3,5,8,-2,AWAY +1.5 *,True
825023,2026-04-16,ATH,TEX,0,0,1,0.0,0.0,3.0,2.0,5.0,1,683004,682052,3,5,6.8,5.5,6,9,0,825023,TEX @ ATH,JACOB LOPEZ,JACK LEITER,0.31,0.382,0.339,8.8,,6,9,15,-3,AWAY +1.5 **,True
822752,2026-04-17,WSH,SF,0,0,1,0.0,0.0,3.0,8.0,11.0,0,657277,641793,6,4,6.4,5.0,5,10,0,822752,SF @ WSH,ZACK LITTELL,LOGAN WEBB,0.317,0.376,0.34,9.0,8.5,5,10,15,-5,AWAY +1.5 *,True
823152,2026-04-17,SEA,TEX,0,1,0,0.0,1.0,0.0,2.0,2.0,0,594798,669302,3,7,5.7,6.4,0,5,0,823152,TEX @ SEA,LOGAN GILBERT,JACOB DEGROM,0.32,0.374,0.342,7.4,,0,5,5,-5,AWAY +1.5 *,True
823397,2026-04-17,PIT,TB,0,0,1,0.0,0.0,1.0,0.0,1.0,1,607259,696149,3,3,5.7,5.8,5,1,1,823397,TB @ PIT,BUBBA CHANDLER,NICK MARTINEZ,0.296,0.378,0.329,9.4,8.5,5,1,6,4,AWAY +1.5 **,False
823476,2026-04-17,PHI,ATL,0,1,0,0.0,2.0,0.0,7.0,7.0,0,527048,592836,4,4,6.1,5.7,0,9,0,823476,ATL @ PHI,TAIJUAN WALKER,MARTIN PEREZ,0.331,0.39,0.355,9.3,9.5,0,9,9,-9,AWAY +1.5 *,True
823559,2026-04-17,NYY,KC,0,0,1,0.0,0.0,2.0,0.0,2.0,1,608379,693645,6,6,6.3,6.0,4,2,1,823559,KC @ NYY,CAM SCHLITTLER,MICHAEL WACHA,0.441,0.421,0.433,7.8,8.0,4,2,6,2,,
823720,2026-04-17,MIN,CIN,0,0,1,0.0,0.0,1.0,2.0,3.0,0,682227,657746,2,6,6.0,6.1,1,2,0,823720,CIN @ MIN,JOE RYAN,BRANDON WILLIAMSON,0.529,0.412,0.482,9.4,,1,2,3,-1,,
823883,2026-04-17,MIA,MIL,0,0,1,0.0,0.0,1.0,3.0,4.0,0,689441,676083,4,3,5.0,6.0,5,7,0,823883,MIL @ MIA,JANSON JUNK,COLEMAN CROW,0.346,0.38,0.359,8.9,8.0,5,7,12,-2,AWAY +1.5 *,True
824048,2026-04-17,LAA,SD,0,0,1,0.0,0.0,8.0,0.0,8.0,1,663362,667755,4,8,5.2,6.4,8,0,1,824048,SD @ LAA,JOSE SORIANO,MATT WALDRON,0.387,0.374,0.382,8.6,,8,0,8,8,AWAY +1.5 *,False
824207,2026-04-17,HOU,STL,0,1,0,0.0,1.0,3.0,4.0,7.0,0,681517,663567,6,8,5.4,5.8,4,9,0,824207,STL @ HOU,PETER LAMBERT,KYLE LEAHY,0.454,0.361,0.417,9.5,,4,9,13,-5,,
824373,2026-04-17,COL,LAD,0,1,0,0.0,1.0,1.0,7.0,8.0,0,607192,608372,7,3,5.9,5.9,1,7,0,824373,LAD @ COL,TOMOYUKI SUGANO,TYLER GLASNOW,0.279,0.398,0.327,10.6,,1,7,8,-6,AWAY +1.5 **,True
824454,2026-04-17,CLE,BAL,0,0,1,0.0,0.0,0.0,0.0,0.0,0,605135,676440,2,5,6.5,6.2,4,6,0,824454,BAL @ CLE,TANNER BIBEE,CHRIS BASSITT,0.395,0.402,0.398,9.8,8.0,4,6,10,-2,AWAY +1.5 *,True
824693,2026-04-17,CHC,NYM,1,0,0,4.0,0.0,7.0,3.0,10.0,1,673540,665795,3,4,4.3,5.9,12,4,1,824693,NYM @ CHC,EDWARD CABRERA,KODAI SENGA,0.359,0.366,0.362,8.6,14.5,12,4,16,8,AWAY +1.5 *,False
824778,2026-04-17,BOS,DET,0,0,1,0.0,0.0,0.0,0.0,0.0,0,663554,624133,7,4,6.1,6.0,1,0,0,824778,DET @ BOS,RANGER SUAREZ,CASEY MIZE,0.323,0.374,0.343,8.7,7.5,1,0,1,1,AWAY +1.5 *,True
825019,2026-04-17,ATH,CWS,0,1,0,0.0,1.0,1.0,5.0,6.0,0,663436,650644,4,4,5.7,6.9,2,9,0,825019,CWS @ ATH,AARON CIVALE,DAVIS MARTIN,0.426,0.385,0.41,9.2,,2,9,11,-7,,
825101,2026-04-17,AZ,TOR,0,0,1,0.0,0.0,3.0,1.0,4.0,1,680755,647336,0,5,0.7,6.1,6,3,1,825101,TOR @ AZ,MICHAEL SOROKA,BRAYDON FISHER,0.288,0.397,0.332,9.4,,6,3,9,3,AWAY +1.5 **,False
